{"Random Forest": 0.8703703703703703, "XGBoost": 0.8518518518518519, "Gradient Boosting": 0.7592592592592593, "Neural Network": 0.8148148148148148, "SVM": 0.8888888888888888}